{"dl.darkn.bio":{"ambassador.zip":"https://dl.darkn.bio/api/raw/?path=/SH1mmer/ambassador.zip","brask.zip":"https://dl.darkn.bio/api/raw/?path=/SH1mmer/brask.zip","brya.zip":"https://dl.darkn.bio/api/raw/?path=/SH1mmer/brya.zip","clapper.zip":"https://dl.darkn.bio/api/raw/?path=/SH1mmer/clapper.zip","coral.zip":"https://dl.darkn.bio/api/raw/?path=/SH1mmer/coral.zip","corsola.zip":"https://dl.darkn.bio/api/raw/?path=/SH1mmer/corsola.zip","dedede.zip":"https://dl.darkn.bio/api/raw/?path=/SH1mmer/dedede.zip","enguarde.zip":"https://dl.darkn.bio/api/raw/?path=/SH1mmer/enguarde.zip","glimmer.zip":"https://dl.darkn.bio/api/raw/?path=/SH1mmer/glimmer.zip","grunt.zip":"https://dl.darkn.bio/api/raw/?path=/SH1mmer/grunt.zip","hana.zip":"https://dl.darkn.bio/api/raw/?path=/SH1mmer/hana.zip","hatch.zip":"https://dl.darkn.bio/api/raw/?path=/SH1mmer/hatch.zip","jacuzzi.zip":"https://dl.darkn.bio/api/raw/?path=/SH1mmer/jacuzzi.zip","kefka.zip":"https://dl.darkn.bio/api/raw/?path=/SH1mmer/kefka.zip","kukui.zip":"https://dl.darkn.bio/api/raw/?path=/SH1mmer/kukui.zip","lulu.zip":"https://dl.darkn.bio/api/raw/?path=/SH1mmer/lulu.zip","nami.zip":"https://dl.darkn.bio/api/raw/?path=/SH1mmer/nami.zip","octopus.zip":"https://dl.darkn.bio/api/raw/?path=/SH1mmer/octopus.zip","orco.zip":"https://dl.darkn.bio/api/raw/?path=/SH1mmer/orco.zip","pyro.zip":"https://dl.darkn.bio/api/raw/?path=/SH1mmer/pyro.zip","reks.zip":"https://dl.darkn.bio/api/raw/?path=/SH1mmer/reks.zip","sentry.zip":"https://dl.darkn.bio/api/raw/?path=/SH1mmer/sentry.zip","stout.zip":"https://dl.darkn.bio/api/raw/?path=/SH1mmer/stout.zip","strongbad.zip":"https://dl.darkn.bio/api/raw/?path=/SH1mmer/strongbad.zip","tidus.zip":"https://dl.darkn.bio/api/raw/?path=/SH1mmer/tidus.zip","ultima.zip":"https://dl.darkn.bio/api/raw/?path=/SH1mmer/ultima.zip","volteer.zip":"https://dl.darkn.bio/api/raw/?path=/SH1mmer/volteer.zip","zork.zip":"https://dl.darkn.bio/api/raw/?path=/SH1mmer/zork.zip"},"dl.kxtz.dev":{"ambassador.zip":"https://dl.kxtz.dev/shims/Raw/ambassador.zip","brask.zip":"https://dl.kxtz.dev/shims/Raw/brask.zip","brya.zip":"https://dl.kxtz.dev/shims/Raw/brya.zip","clapper.zip":"https://dl.kxtz.dev/shims/Raw/clapper.zip","coral.zip":"https://dl.kxtz.dev/shims/Raw/coral.zip","corsola.zip":"https://dl.kxtz.dev/shims/Raw/corsola.zip","dedede.zip":"https://dl.kxtz.dev/shims/Raw/dedede.zip","enguarde.zip":"https://dl.kxtz.dev/shims/Raw/enguarde.zip","glimmer.zip":"https://dl.kxtz.dev/shims/Raw/glimmer.zip","grunt.zip":"https://dl.kxtz.dev/shims/Raw/grunt.zip","hana.zip":"https://dl.kxtz.dev/shims/Raw/hana.zip","hatch.zip":"https://dl.kxtz.dev/shims/Raw/hatch.zip","jacuzzi.zip":"https://dl.kxtz.dev/shims/Raw/jacuzzi.zip","kefka.zip":"https://dl.kxtz.dev/shims/Raw/kefka.zip","kukui.zip":"https://dl.kxtz.dev/shims/Raw/kukui.zip","lulu.zip":"https://dl.kxtz.dev/shims/Raw/lulu.zip","nami.zip":"https://dl.kxtz.dev/shims/Raw/nami.zip","octopus.zip":"https://dl.kxtz.dev/shims/Raw/octopus.zip","orco.zip":"https://dl.kxtz.dev/shims/Raw/orco.zip","pyro.zip":"https://dl.kxtz.dev/shims/Raw/pyro.zip","reks.zip":"https://dl.kxtz.dev/shims/Raw/reks.zip","sentry.zip":"https://dl.kxtz.dev/shims/Raw/sentry.zip","stout.zip":"https://dl.kxtz.dev/shims/Raw/stout.zip","strongbad.zip":"https://dl.kxtz.dev/shims/Raw/strongbad.zip","tidus.zip":"https://dl.kxtz.dev/shims/Raw/tidus.zip","ultima.zip":"https://dl.kxtz.dev/shims/Raw/ultima.zip","volteer.zip":"https://dl.kxtz.dev/shims/Raw/volteer.zip","zork.zip":"https://dl.kxtz.dev/shims/Raw/zork.zip"},"sh1m.b0vik.dev":{"ambassador.zip":"https://sh1m.b0vik.dev/shims/unmodified/ambassador.zip","brask.zip":"https://sh1m.b0vik.dev/shims/unmodified/brask.zip","brya.zip":"https://sh1m.b0vik.dev/shims/unmodified/brya.zip","clapper.zip":"https://sh1m.b0vik.dev/shims/unmodified/clapper.zip","coral.zip":"https://sh1m.b0vik.dev/shims/unmodified/coral.zip","corsola.zip":"https://sh1m.b0vik.dev/shims/unmodified/corsola.zip","dedede.zip":"https://sh1m.b0vik.dev/shims/unmodified/dedede.zip","enguarde.zip":"https://sh1m.b0vik.dev/shims/unmodified/enguarde.zip","glimmer.zip":"https://sh1m.b0vik.dev/shims/unmodified/glimmer.zip","grunt.zip":"https://sh1m.b0vik.dev/shims/unmodified/grunt.zip","hana.zip":"https://sh1m.b0vik.dev/shims/unmodified/hana.zip","hatch.zip":"https://sh1m.b0vik.dev/shims/unmodified/hatch.zip","jacuzzi.zip":"https://sh1m.b0vik.dev/shims/unmodified/jacuzzi.zip","kukui.zip":"https://sh1m.b0vik.dev/shims/unmodified/kukui.zip","lulu.zip":"https://sh1m.b0vik.dev/shims/unmodified/lulu.zip","nami.zip":"https://sh1m.b0vik.dev/shims/unmodified/nami.zip","octopus.zip":"https://sh1m.b0vik.dev/shims/unmodified/octopus.zip","orco.zip":"https://sh1m.b0vik.dev/shims/unmodified/orco.zip","pyro.zip":"https://sh1m.b0vik.dev/shims/unmodified/pyro.zip","reks.zip":"https://sh1m.b0vik.dev/shims/unmodified/reks.zip","sentry.zip":"https://sh1m.b0vik.dev/shims/unmodified/sentry.zip","stout.zip":"https://sh1m.b0vik.dev/shims/unmodified/stout.zip","strongbad.zip":"https://sh1m.b0vik.dev/shims/unmodified/strongbad.zip","tidus.zip":"https://sh1m.b0vik.dev/shims/unmodified/tidus.zip","ultima.zip":"https://sh1m.b0vik.dev/shims/unmodified/ultima.zip","volteer.zip":"https://sh1m.b0vik.dev/shims/unmodified/volteer.zip","zork.zip":"https://sh1m.b0vik.dev/shims/unmodified/zork.zip"},"diffusehyperion.com":{"brask.zip":"https://dl.diffusehyperion.com/api/raw/?path=/rma/brask.zip","brya.zip":"https://dl.diffusehyperion.com/api/raw/?path=/rma/brya.zip","clapper.zip":"https://dl.diffusehyperion.com/api/raw/?path=/rma/clapper.zip","coral.zip":"https://dl.diffusehyperion.com/api/raw/?path=/rma/coral.zip","corsola.zip":"https://dl.diffusehyperion.com/api/raw/?path=/rma/corsola.zip","dedede.zip":"https://dl.diffusehyperion.com/api/raw/?path=/rma/dedede.zip","enguarde.zip":"https://dl.diffusehyperion.com/api/raw/?path=/rma/enguarde.zip","glimmer.zip":"https://dl.diffusehyperion.com/api/raw/?path=/rma/glimmer.zip","grunt.zip":"https://dl.diffusehyperion.com/api/raw/?path=/rma/grunt.zip","hana.zip":"https://dl.diffusehyperion.com/api/raw/?path=/rma/hana.zip","hatch.zip":"https://dl.diffusehyperion.com/api/raw/?path=/rma/hatch.zip","jacuzzi.zip":"https://dl.diffusehyperion.com/api/raw/?path=/rma/jacuzzi.zip","kukui.zip":"https://dl.diffusehyperion.com/api/raw/?path=/rma/kukui.zip","nami.zip":"https://dl.diffusehyperion.com/api/raw/?path=/rma/nami.zip","octopus.zip":"https://dl.diffusehyperion.com/api/raw/?path=/rma/octopus.zip","orco.zip":"https://dl.diffusehyperion.com/api/raw/?path=/rma/orco.zip","pyro.zip":"https://dl.diffusehyperion.com/api/raw/?path=/rma/pyro.zip","reks.zip":"https://dl.diffusehyperion.com/api/raw/?path=/rma/reks.zip","sentry.zip":"https://dl.diffusehyperion.com/api/raw/?path=/rma/sentry.zip","stout.zip":"https://dl.diffusehyperion.com/api/raw/?path=/rma/stout.zip","strongbad.zip":"https://dl.diffusehyperion.com/api/raw/?path=/rma/strongbad.zip","tidus.zip":"https://dl.diffusehyperion.com/api/raw/?path=/rma/tidus.zip","ultima.zip":"https://dl.diffusehyperion.com/api/raw/?path=/rma/ultima.zip","volteer.zip":"https://dl.diffusehyperion.com/api/raw/?path=/rma/volteer.zip","zork.zip":"https://dl.diffusehyperion.com/api/raw/?path=/rma/zork.zip"},"archive.org":{"brask.zip":"https://archive.org/download/brask/brask.zip","brya.bin":"https://archive.org/download/dl2.sh1mmer.me/dl2.sh1mmer.me.zip/dl2.sh1mmer.me%2Fminishim%2Fbrya.bin","clapper.zip":"https://archive.org/download/sh1mmer/compressed_sh1mmer/crew/clapper.zip","coral.bin":"https://archive.org/download/dl2.sh1mmer.me/dl2.sh1mmer.me.zip/dl2.sh1mmer.me%2Fminishim%2Fcoral.bin","corsola.zip":"https://archive.org/download/corsola/corsola.zip","dedede.bin":"https://archive.org/download/dl2.sh1mmer.me/dl2.sh1mmer.me.zip/dl2.sh1mmer.me%2Fminishim%2Fdedede.bin","enguarde.zip":"https://archive.org/download/sh1mmer/compressed_sh1mmer/crew/enguarde.zip","glimmer.zip":"https://archive.org/download/sh1mmer/compressed_sh1mmer/crew/glimmer.zip","grunt.bin":"https://archive.org/download/dl2.sh1mmer.me/dl2.sh1mmer.me.zip/dl2.sh1mmer.me%2Fminishim%2Fgrunt.bin","hana.zip":"https://archive.org/download/sh1mmer/compressed_sh1mmer/crew/hana.zip","hatch.bin":"https://archive.org/download/dl2.sh1mmer.me/dl2.sh1mmer.me.zip/dl2.sh1mmer.me%2Fminishim%2Fhatch.bin","jacuzzi.bin":"https://archive.org/download/dl2.sh1mmer.me/dl2.sh1mmer.me.zip/dl2.sh1mmer.me%2Fminishim%2Fjacuzzi.bin","kukui.bin":"https://archive.org/download/dl2.sh1mmer.me/dl2.sh1mmer.me.zip/dl2.sh1mmer.me%2Fminishim%2Fkukui.bin","nami.bin":"https://archive.org/download/dl2.sh1mmer.me/dl2.sh1mmer.me.zip/dl2.sh1mmer.me%2Fminishim%2Fnami.bin","octopus.bin":"https://archive.org/download/dl2.sh1mmer.me/dl2.sh1mmer.me.zip/dl2.sh1mmer.me%2Fminishim%2Foctopus.bin","orco.zip":"https://archive.org/download/sh1mmer/compressed_sh1mmer/crew/orco.zip","pyro.bin":"https://archive.org/download/dl2.sh1mmer.me/dl2.sh1mmer.me.zip/dl2.sh1mmer.me%2Fminishim%2Fpyro.bin","reks.zip":"https://archive.org/download/sh1mmer/compressed_sh1mmer/crew/reks.zip","sentry.zip":"https://archive.org/download/sh1mmer/compressed_sh1mmer/crew/sentry.zip","stout.zip":"https://archive.org/download/sh1mmer/compressed_sh1mmer/crew/stout.zip","strongbad.bin":"https://archive.org/download/dl2.sh1mmer.me/dl2.sh1mmer.me.zip/dl2.sh1mmer.me%2Fminishim%2Fstrongbad.bin","tidus.zip":"https://archive.org/download/sh1mmer/compressed_sh1mmer/crew/tidus.zip","ultima.zip":"https://archive.org/download/sh1mmer/compressed_sh1mmer/crew/ultima.zip","volteer.bin":"https://archive.org/download/dl2.sh1mmer.me/dl2.sh1mmer.me.zip/dl2.sh1mmer.me%2Fminishim%2Fvolteer.bin","zork.bin":"https://archive.org/download/dl2.sh1mmer.me/dl2.sh1mmer.me.zip/dl2.sh1mmer.me%2Fminishim%2Fzork.bin"}}